Player,WAR,PA,AB,H,BB,HBP,SF,2B,3B,HR,AVG,OBP,TB,SLG,OPS,ISO,OPS+,WRC+,Fielding_Percentage,CS%,Assists,Errors,Throwing_Velocity,Fielding_Range,Salary,Position,SB
Player 1,2.7,214,187,58,19,4,4,10,2,7,0.363,0.412,93,0.639,0.876,0.187,91,139,0.935,0.291,298,12,88,4.8,740000.0,3B,40
Player 2,3.0,231,206,51,14,6,5,9,2,5,0.29,0.325,79,0.448,0.69,0.135,147,68,0.979,0.201,229,16,89,5.2,740000.0,3B,46
Player 3,8.3,353,331,126,6,10,6,3,8,11,0.4,0.475,178,0.606,0.94,0.157,151,159,0.958,0.477,420,13,95,4.5,740000.0,1B,3
Player 4,3.6,372,359,77,3,10,0,13,1,10,0.214,0.216,122,0.3,0.582,0.126,141,72,0.921,0.332,312,18,80,4.8,740000.0,3B,20
Player 5,3.7,288,267,97,16,2,3,14,7,18,0.332,0.431,179,0.7,1.069,0.307,151,155,0.93,0.347,245,19,85,4.9,740000.0,LF,15
Player 6,3.2,161,160,72,0,1,0,9,1,8,0.4,0.466,107,0.668,1.122,0.219,184,174,0.942,0.447,160,0,91,5.9,740000.0,2B,31
Player 7,2.1,168,152,33,10,5,1,0,2,5,0.243,0.291,52,0.409,0.628,0.125,84,57,0.928,0.421,433,19,90,5.3,740000.0,3B,12
Player 8,2.0,194,175,65,15,2,2,3,4,0,0.4,0.5,76,0.512,0.857,0.063,88,97,0.928,0.288,488,3,90,6.3,740000.0,CF,22
Player 9,3.5,229,199,39,20,6,4,9,1,6,0.23,0.327,68,0.436,0.626,0.146,139,183,0.963,0.116,85,18,84,5.6,740000.0,2B,51
Player 10,3.8,238,225,56,0,9,4,6,0,5,0.231,0.265,77,0.334,0.615,0.093,198,125,0.987,0.212,189,14,81,6.8,740000.0,SS,43
Player 11,3.2,274,265,90,2,6,1,4,0,11,0.349,0.37,127,0.561,0.837,0.139,144,171,0.938,0.18,195,16,81,6.2,740000.0,SS,59
Player 12,3.0,358,336,123,5,9,8,20,6,15,0.359,0.38,200,0.494,0.978,0.229,144,191,0.942,0.266,178,16,88,4.1,740000.0,LF,36
Player 13,8.5,336,286,95,31,10,9,25,6,14,0.279,0.366,174,0.493,1.013,0.276,180,132,0.962,0.198,34,5,91,4.5,740000.0,1B,9
Player 14,-0.7,236,216,89,7,7,6,3,2,2,0.4,0.468,102,0.61,0.908,0.06,94,185,0.952,0.326,495,8,93,6.7,740000.0,SS,5
Player 15,3.4,230,224,65,5,1,0,16,4,11,0.334,0.325,122,0.662,0.854,0.255,50,59,0.992,0.437,439,16,97,4.8,740000.0,1B,5
Player 16,3.6,296,260,87,15,13,8,24,6,10,0.365,0.367,153,0.538,0.977,0.253,183,74,0.932,0.253,333,17,98,5.7,740000.0,2B,37
Player 17,2.0,228,220,69,0,3,5,7,5,7,0.313,0.278,107,0.375,0.802,0.172,143,62,0.9,0.12,337,14,97,5.8,740000.0,RF,23
Player 18,1.8,302,276,109,11,14,1,10,2,2,0.395,0.453,129,0.437,0.911,0.072,102,75,0.948,0.432,427,8,80,4.7,740000.0,1B,3
Player 19,2.3,235,211,53,21,2,1,0,2,3,0.279,0.353,66,0.347,0.636,0.062,175,86,0.979,0.156,482,7,95,5.8,740000.0,C,5
Player 20,1.8,406,374,133,15,15,2,7,11,22,0.362,0.372,228,0.549,1.011,0.254,134,75,0.98,0.497,64,5,98,5.9,740000.0,2B,2
Player 21,2.7,275,252,70,12,10,1,6,6,10,0.301,0.316,118,0.44,0.803,0.19,94,137,0.9,0.11,169,6,97,4.4,740000.0,1B,6
Player 22,2.0,486,413,121,44,20,9,12,0,22,0.315,0.39,199,0.452,0.863,0.189,197,150,0.956,0.124,27,8,81,4.1,740000.0,LF,50
Player 23,3.8,211,197,49,5,5,4,13,1,7,0.242,0.26,85,0.468,0.711,0.182,52,166,0.944,0.137,145,16,99,5.5,740000.0,2B,25
Player 24,3.5,277,266,68,3,8,0,1,4,2,0.274,0.274,83,0.343,0.597,0.056,74,65,0.923,0.202,41,18,80,5.2,740000.0,3B,20
Player 25,1.8,405,355,91,33,12,5,25,5,8,0.298,0.395,150,0.471,0.759,0.167,97,88,0.938,0.409,243,17,99,5.5,740000.0,2B,40
Player 26,1.9,194,175,43,7,8,4,9,3,0,0.203,0.247,58,0.3,0.63,0.085,65,192,0.9,0.454,246,4,99,5.2,740000.0,C,6
Player 27,3.7,367,346,129,3,9,9,30,8,7,0.341,0.374,196,0.604,0.95,0.193,116,159,0.931,0.155,266,2,84,5.4,740000.0,2B,52
Player 28,1.9,166,158,39,4,1,3,3,2,1,0.228,0.268,49,0.3,0.575,0.063,105,109,0.919,0.491,486,13,98,7.0,740000.0,CF,23
Player 29,2.6,249,213,58,19,11,6,12,1,8,0.258,0.343,96,0.492,0.804,0.179,62,171,0.917,0.183,69,2,82,5.3,740000.0,2B,23
Player 30,3.4,350,311,129,18,14,7,14,8,11,0.4,0.469,192,0.7,1.077,0.202,84,63,0.924,0.483,6,18,96,4.9,740000.0,3B,56
Player 31,-0.5,560,521,186,7,17,15,41,16,12,0.333,0.392,295,0.569,0.941,0.209,56,59,0.97,0.159,407,17,85,6.3,740000.0,SS,5
Player 32,2.8,498,456,217,23,10,9,27,2,10,0.4,0.5,278,0.7,1.112,0.134,127,139,0.924,0.373,358,7,98,6.0,740000.0,CF,32
Player 33,-0.8,340,320,92,8,12,0,7,7,3,0.303,0.328,122,0.36,0.71,0.094,84,172,0.952,0.223,6,0,95,7.0,740000.0,SS,9
Player 34,3.5,347,324,96,10,9,4,17,3,4,0.299,0.381,131,0.451,0.735,0.108,176,182,0.982,0.473,174,2,99,4.9,740000.0,LF,52
Player 35,2.4,433,376,98,30,16,11,19,6,17,0.278,0.311,180,0.48,0.812,0.218,99,128,0.941,0.24,49,3,87,6.3,740000.0,C,5
Player 36,3.6,419,367,104,33,7,12,29,3,16,0.267,0.295,187,0.434,0.854,0.227,62,50,0.9,0.202,333,1,97,4.6,740000.0,1B,1
Player 37,-0.0,263,229,52,24,5,5,1,0,4,0.204,0.249,65,0.3,0.592,0.057,138,105,0.971,0.287,444,2,84,6.1,740000.0,SS,53
Player 38,9.3,575,543,239,16,15,1,38,1,29,0.4,0.494,366,0.7,1.144,0.234,183,130,0.982,0.274,147,15,98,4.2,740000.0,1B,6
Player 39,2.5,464,445,188,1,8,10,21,1,28,0.4,0.402,295,0.7,1.088,0.241,159,146,0.975,0.472,96,0,83,5.5,740000.0,RF,57
Player 40,1.9,288,269,107,0,11,8,5,1,17,0.4,0.391,165,0.634,1.023,0.215,155,105,0.969,0.132,181,12,96,6.3,740000.0,CF,15
Player 41,2.1,305,277,84,17,6,5,25,1,9,0.315,0.418,138,0.598,0.849,0.195,116,120,0.97,0.495,295,5,80,6.6,740000.0,CF,9
Player 42,3.9,418,377,121,20,13,8,11,9,18,0.367,0.374,204,0.619,0.909,0.22,177,69,0.942,0.1,64,16,96,5.2,740000.0,RF,16
Player 43,2.2,392,345,97,34,10,3,18,8,9,0.3,0.417,158,0.535,0.818,0.177,147,80,0.958,0.384,121,16,85,4.7,740000.0,LF,28
Player 44,1.7,580,539,163,21,2,18,43,1,2,0.282,0.311,214,0.39,0.718,0.095,163,174,0.9,0.446,197,4,80,6.0,740000.0,C,0
Player 45,2.4,270,244,87,11,10,5,25,7,0,0.367,0.393,126,0.519,0.916,0.159,149,123,0.969,0.106,186,6,91,5.7,740000.0,C,0
Player 46,-0.5,252,232,61,12,3,5,6,2,1,0.241,0.289,74,0.311,0.621,0.056,59,174,0.95,0.432,149,8,99,6.7,740000.0,SS,20
Player 47,3.0,412,395,101,5,12,0,22,9,12,0.272,0.306,177,0.516,0.734,0.192,184,128,0.961,0.241,462,3,92,6.8,740000.0,SS,7
Player 48,3.2,355,348,106,1,0,6,15,9,2,0.313,0.28,145,0.436,0.718,0.112,128,116,0.936,0.158,168,8,86,6.4,740000.0,CF,30
Player 49,2.3,369,355,131,6,8,0,13,3,5,0.4,0.364,165,0.483,0.858,0.096,152,59,0.933,0.339,227,16,80,5.2,740000.0,3B,36
Player 50,3.6,277,251,81,11,7,8,14,5,10,0.303,0.329,135,0.588,0.895,0.215,77,113,0.9,0.42,129,3,97,5.5,740000.0,RF,12
Player 51,3.2,527,481,169,21,25,0,24,4,23,0.334,0.409,270,0.613,0.969,0.21,159,169,0.935,0.193,312,1,88,4.6,740000.0,LF,42
Player 52,3.7,358,313,136,29,7,9,20,4,17,0.4,0.388,215,0.536,1.167,0.252,123,158,0.974,0.392,211,4,92,4.7,740000.0,LF,22
Player 53,2.3,376,335,75,17,14,10,12,6,10,0.226,0.259,129,0.357,0.667,0.161,64,68,0.943,0.295,153,13,96,5.3,740000.0,3B,57
Player 54,3.4,328,310,137,18,0,0,2,10,16,0.358,0.426,207,0.518,1.141,0.226,104,148,0.962,0.417,117,6,93,5.8,740000.0,RF,34
Player 55,3.5,328,299,83,29,0,0,9,5,15,0.266,0.345,147,0.513,0.833,0.214,193,141,0.938,0.292,70,8,93,4.9,740000.0,3B,50
Player 56,3.2,460,420,146,25,12,3,2,3,3,0.38,0.407,163,0.479,0.786,0.04,51,191,0.962,0.22,217,11,80,6.3,740000.0,CF,53
Player 57,-0.9,392,354,109,20,15,3,1,9,8,0.32,0.382,152,0.527,0.796,0.121,136,128,0.96,0.255,303,1,99,6.2,740000.0,SS,44
Player 58,-0.3,271,260,129,7,1,3,15,2,1,0.4,0.5,151,0.7,1.087,0.085,93,183,0.963,0.171,17,11,99,6.4,740000.0,SS,21
Player 59,2.8,320,272,59,31,15,2,10,4,6,0.228,0.383,95,0.412,0.677,0.132,118,60,0.962,0.431,68,4,88,5.3,740000.0,RF,38
Player 60,6.9,190,179,45,7,4,0,5,3,7,0.248,0.298,77,0.422,0.725,0.179,174,84,0.936,0.206,265,11,85,4.5,740000.0,1B,5
Player 61,1.8,234,216,104,16,0,2,30,2,0,0.4,0.5,138,0.585,1.152,0.158,61,152,0.94,0.167,105,3,97,6.8,740000.0,C,2
Player 62,-0.6,398,353,120,33,5,7,10,8,11,0.363,0.396,179,0.51,0.904,0.167,122,51,0.93,0.234,308,3,89,6.4,740000.0,SS,44
Player 63,2.9,304,279,75,9,11,5,11,1,13,0.249,0.3,127,0.456,0.767,0.186,69,136,0.952,0.231,421,5,91,5.9,740000.0,RF,24
Player 64,3.8,398,375,112,5,16,2,23,2,9,0.299,0.321,166,0.413,0.777,0.144,169,198,0.919,0.346,381,6,80,5.2,740000.0,C,8
Player 65,2.8,360,325,91,11,15,9,9,8,9,0.265,0.293,143,0.453,0.765,0.16,81,75,0.968,0.417,56,19,87,7.0,740000.0,CF,38
Player 66,2.0,314,292,104,20,1,1,32,4,1,0.361,0.406,147,0.603,0.901,0.147,133,84,0.974,0.238,401,13,87,4.5,740000.0,LF,13
Player 67,2.7,233,212,43,19,0,2,9,1,3,0.212,0.271,63,0.3,0.563,0.094,62,89,0.947,0.439,209,4,98,5.0,740000.0,3B,58
Player 68,2.9,386,370,81,11,1,4,17,0,15,0.238,0.256,143,0.365,0.627,0.167,54,62,0.919,0.188,103,11,81,4.8,740000.0,3B,33
Player 69,2.7,316,276,80,30,4,6,25,7,11,0.324,0.391,152,0.7,0.912,0.261,65,122,0.924,0.452,4,10,89,6.0,740000.0,CF,1
Player 70,7.6,574,545,148,14,9,6,27,2,14,0.319,0.327,221,0.447,0.704,0.134,134,114,0.924,0.378,444,4,95,4.8,740000.0,1B,8
Player 71,7.1,547,498,166,12,22,15,39,15,30,0.331,0.36,325,0.581,1.019,0.32,102,155,0.935,0.278,356,15,80,4.1,740000.0,1B,9
Player 72,2.7,284,255,108,23,2,4,13,9,5,0.4,0.5,154,0.586,1.072,0.18,117,82,0.95,0.351,100,18,89,4.8,740000.0,LF,36
Player 73,4.0,164,148,38,12,2,2,11,1,3,0.261,0.372,60,0.515,0.722,0.148,144,195,0.924,0.236,214,11,81,6.3,740000.0,SS,40
Player 74,2.0,327,298,121,17,10,2,33,8,13,0.4,0.485,209,0.675,1.154,0.295,53,142,0.955,0.278,206,9,95,4.5,740000.0,1B,3
Player 75,-0.0,387,330,156,31,16,10,23,2,13,0.4,0.5,222,0.629,1.198,0.2,139,98,0.947,0.418,131,16,88,6.4,740000.0,SS,54
Player 76,2.5,370,319,110,30,14,7,33,6,16,0.358,0.449,203,0.7,1.052,0.291,173,129,0.94,0.387,26,3,95,5.7,740000.0,2B,51
Player 77,-0.8,278,252,98,21,0,5,11,6,3,0.4,0.466,130,0.664,0.944,0.127,144,93,0.947,0.431,436,19,94,6.0,740000.0,SS,17
Player 78,2.2,253,232,64,16,1,4,12,1,3,0.28,0.332,87,0.382,0.695,0.099,149,101,0.969,0.181,248,11,83,6.0,740000.0,CF,54
Player 79,1.7,269,248,117,9,8,4,9,9,5,0.4,0.5,159,0.7,1.139,0.169,177,198,0.919,0.388,230,13,96,4.8,740000.0,C,0
Player 80,3.3,326,286,94,30,3,7,10,2,3,0.334,0.444,117,0.464,0.799,0.08,99,190,0.968,0.457,220,10,96,6.9,740000.0,CF,57
Player 81,2.0,365,350,160,0,6,9,20,11,30,0.4,0.478,292,0.7,1.289,0.377,129,105,0.954,0.12,485,4,97,4.6,740000.0,LF,57
Player 82,2.4,266,252,91,0,12,2,20,2,8,0.371,0.433,139,0.642,0.939,0.191,89,116,0.94,0.243,492,19,99,5.1,740000.0,3B,16
Player 83,3.6,373,344,144,22,5,2,22,8,16,0.389,0.447,230,0.559,1.127,0.25,115,68,0.933,0.137,190,9,89,5.8,740000.0,2B,51
Player 84,1.7,236,230,62,1,3,2,4,1,4,0.279,0.306,80,0.331,0.628,0.078,130,88,0.963,0.168,485,4,91,6.8,740000.0,C,2
Player 85,2.7,342,302,77,23,13,4,9,0,2,0.239,0.356,92,0.3,0.635,0.05,61,66,0.963,0.427,278,16,80,4.2,740000.0,1B,2
Player 86,4.0,187,178,53,2,5,2,12,3,3,0.352,0.352,80,0.535,0.77,0.151,114,158,0.954,0.204,314,6,97,5.8,740000.0,2B,4
Player 87,1.6,369,313,133,28,17,11,30,1,6,0.4,0.5,183,0.645,1.067,0.16,195,87,0.928,0.332,200,13,87,5.8,740000.0,2B,30
Player 88,3.6,148,129,63,11,5,3,19,0,11,0.4,0.5,115,0.7,1.425,0.403,199,72,0.953,0.192,310,3,94,5.4,740000.0,RF,59
Player 89,2.9,359,335,116,11,9,4,37,6,17,0.364,0.449,216,0.7,1.024,0.299,123,157,0.978,0.197,317,8,98,5.9,740000.0,2B,58
Player 90,2.9,276,252,83,17,5,2,11,6,13,0.357,0.396,145,0.56,0.955,0.246,119,150,0.939,0.187,213,9,98,5.1,740000.0,C,5
Player 91,3.1,386,361,137,6,12,7,3,9,6,0.363,0.335,176,0.417,0.89,0.108,137,66,0.94,0.404,479,9,88,4.4,740000.0,1B,3
Player 92,2.4,283,271,56,3,7,2,3,0,4,0.222,0.216,71,0.3,0.495,0.055,103,84,0.944,0.302,295,12,83,7.0,740000.0,CF,55
Player 93,-0.5,153,148,45,3,0,2,8,1,8,0.314,0.359,79,0.668,0.848,0.23,126,115,0.922,0.377,473,14,90,6.5,740000.0,SS,26
Player 94,3.6,406,376,177,23,4,3,38,12,11,0.4,0.455,272,0.664,1.225,0.252,62,169,0.928,0.259,373,15,92,4.8,740000.0,LF,33
Player 95,2.1,357,333,99,6,9,9,2,7,10,0.31,0.354,145,0.51,0.754,0.138,120,115,0.994,0.15,19,1,97,5.9,740000.0,2B,8
Player 96,3.5,264,245,71,10,5,4,13,5,5,0.287,0.345,109,0.402,0.771,0.155,179,133,0.9,0.358,348,7,84,5.0,740000.0,LF,18
Player 97,2.8,532,472,211,38,17,5,36,18,30,0.4,0.5,373,0.7,1.29,0.343,113,187,0.939,0.273,299,17,80,5.1,740000.0,C,0
Player 98,4.0,522,501,158,1,12,8,4,6,27,0.311,0.326,255,0.536,0.837,0.194,94,197,0.927,0.13,313,12,86,4.5,740000.0,LF,4
Player 99,6.1,269,239,65,14,9,7,8,4,5,0.324,0.379,96,0.445,0.729,0.13,174,88,0.967,0.205,63,19,90,4.5,740000.0,1B,2
Player 100,-1.0,286,255,96,20,6,5,1,3,10,0.324,0.401,133,0.452,0.949,0.146,160,131,0.967,0.306,290,6,80,6.3,740000.0,SS,47
Player 101,-0.9,340,319,131,1,11,9,8,1,1,0.4,0.495,144,0.565,0.872,0.04,59,163,0.935,0.31,48,14,85,6.6,740000.0,SS,23
Player 102,-0.4,195,175,60,12,5,3,7,4,10,0.316,0.418,105,0.604,0.995,0.257,193,50,0.946,0.156,46,12,95,6.0,740000.0,SS,6
Player 103,1.9,411,361,82,37,5,8,7,7,0,0.248,0.354,103,0.368,0.587,0.058,166,113,0.939,0.202,446,19,87,5.8,740000.0,2B,19
Player 104,3.5,363,335,146,14,9,5,35,3,12,0.4,0.457,223,0.7,1.132,0.23,167,86,0.926,0.335,231,15,85,5.3,740000.0,C,2
Player 105,3.3,229,204,90,12,9,4,16,7,4,0.371,0.424,132,0.535,1.132,0.206,91,184,0.9,0.214,57,13,81,5.6,740000.0,2B,3
Player 106,4.0,198,186,90,9,3,0,28,2,5,0.4,0.453,137,0.582,1.252,0.253,174,107,0.966,0.413,81,1,91,5.5,740000.0,2B,12
Player 107,3.3,265,265,53,0,0,0,12,0,2,0.192,0.2,71,0.3,0.468,0.068,95,104,0.929,0.194,491,12,92,5.3,740000.0,3B,58
Player 108,2.7,233,221,97,3,7,2,14,8,1,0.4,0.5,130,0.69,1.047,0.149,60,128,0.965,0.465,324,2,92,6.0,740000.0,2B,46
Player 109,3.5,420,356,141,41,17,6,38,2,11,0.4,0.493,216,0.678,1.081,0.211,56,98,0.976,0.141,78,1,88,5.3,740000.0,3B,51
Player 110,1.9,207,192,93,12,0,3,2,5,3,0.4,0.5,114,0.7,1.101,0.11,129,107,0.967,0.143,306,10,92,4.6,740000.0,1B,5
Player 111,3.3,279,269,102,3,3,4,15,8,17,0.397,0.382,184,0.648,1.071,0.305,71,115,0.903,0.373,102,14,86,4.5,740000.0,1B,3
Player 112,2.2,244,212,55,18,8,6,16,4,1,0.21,0.329,82,0.3,0.719,0.128,191,108,0.943,0.191,441,14,98,6.0,740000.0,CF,25
Player 113,3.1,452,396,90,36,17,3,28,6,13,0.182,0.284,169,0.329,0.743,0.2,61,148,0.938,0.139,31,9,90,4.1,740000.0,1B,1
Player 114,2.6,193,187,54,0,3,3,8,0,1,0.293,0.332,65,0.412,0.643,0.059,192,183,0.967,0.111,348,3,97,5.1,740000.0,RF,13
Player 115,3.0,587,562,225,10,13,2,61,9,37,0.387,0.427,415,0.7,1.16,0.338,155,69,0.971,0.5,485,12,83,6.3,740000.0,CF,56
Player 116,2.2,288,269,57,7,11,1,4,4,8,0.239,0.262,93,0.431,0.606,0.134,81,82,0.96,0.14,203,2,88,5.5,740000.0,2B,9
Player 117,2.5,304,272,97,24,2,6,2,6,8,0.363,0.419,135,0.545,0.901,0.139,179,90,0.937,0.391,46,1,97,5.0,740000.0,3B,51
Player 118,2.4,430,403,113,9,10,8,36,6,5,0.29,0.322,176,0.466,0.744,0.157,167,104,0.9,0.114,312,5,90,4.9,740000.0,LF,34
Player 119,3.4,322,306,78,6,1,9,20,3,7,0.236,0.252,125,0.435,0.672,0.153,95,93,0.972,0.195,113,10,87,5.4,740000.0,RF,25
Player 120,3.7,275,245,120,24,2,4,18,6,7,0.4,0.5,171,0.7,1.229,0.208,75,76,0.961,0.307,169,6,88,5.7,740000.0,2B,56
Player 121,9.0,475,432,111,15,22,6,31,7,4,0.278,0.329,168,0.368,0.701,0.132,155,166,0.982,0.266,21,14,92,4.6,740000.0,1B,3
Player 122,3.3,382,332,98,29,15,6,25,0,16,0.306,0.375,171,0.595,0.887,0.22,179,162,0.985,0.462,105,17,88,5.3,740000.0,2B,5
Player 123,2.5,433,410,199,5,13,5,5,6,11,0.4,0.5,249,0.7,1.108,0.122,148,191,0.974,0.152,454,7,97,6.1,740000.0,C,1
Player 124,2.2,201,189,61,8,3,1,12,1,2,0.318,0.329,81,0.428,0.787,0.106,83,84,0.92,0.134,119,5,95,5.5,740000.0,2B,59
Player 125,2.1,429,391,82,8,19,11,2,2,8,0.25,0.268,112,0.34,0.54,0.076,143,178,0.974,0.346,209,11,92,5.6,740000.0,RF,46
Player 126,2.6,497,467,192,23,2,5,10,13,28,0.4,0.492,312,0.7,1.105,0.257,192,109,0.936,0.47,207,9,96,6.4,740000.0,CF,15
Player 127,1.8,150,141,67,6,1,2,2,1,8,0.4,0.489,95,0.644,1.167,0.199,97,114,0.908,0.353,401,8,85,5.5,740000.0,RF,4
Player 128,2.3,201,184,71,9,5,3,12,0,10,0.374,0.437,113,0.581,1.037,0.228,180,125,0.965,0.187,301,4,88,6.8,740000.0,C,3
Player 129,-0.7,543,514,195,23,0,6,45,4,27,0.4,0.469,329,0.7,1.041,0.261,80,60,0.943,0.106,104,2,81,6.3,740000.0,SS,30
Player 130,3.8,186,166,52,12,4,4,5,3,1,0.307,0.317,66,0.354,0.764,0.085,74,179,0.9,0.184,168,2,80,4.9,740000.0,LF,11
Player 131,3.9,181,158,65,15,8,0,11,5,4,0.4,0.464,98,0.592,1.106,0.209,71,152,0.941,0.421,386,19,84,5.8,740000.0,C,2
Player 132,3.2,479,444,203,19,15,1,38,13,31,0.389,0.455,360,0.601,1.306,0.354,161,96,0.906,0.141,470,17,92,5.9,740000.0,C,5
Player 133,2.9,195,170,49,16,4,5,8,1,7,0.281,0.321,80,0.401,0.825,0.183,98,195,0.969,0.337,59,15,82,4.5,740000.0,LF,49
Player 134,3.9,193,179,59,14,0,0,16,0,10,0.346,0.444,105,0.697,0.965,0.257,191,142,0.924,0.439,358,12,97,5.2,740000.0,C,4
Player 135,3.6,397,377,128,8,0,12,16,2,5,0.358,0.313,163,0.402,0.775,0.092,169,150,0.974,0.323,329,9,90,5.1,740000.0,3B,5
Player 136,3.5,483,447,104,15,6,15,11,2,16,0.251,0.243,167,0.407,0.633,0.141,70,66,0.913,0.299,282,19,81,5.3,740000.0,3B,52
Player 137,3.2,219,189,69,19,5,6,22,0,4,0.308,0.417,103,0.433,0.97,0.18,94,75,0.914,0.373,198,13,89,4.9,740000.0,3B,13
Player 138,2.2,339,299,83,23,12,5,26,7,3,0.264,0.335,132,0.47,0.789,0.163,131,159,0.931,0.381,226,7,99,5.1,740000.0,RF,11
Player 139,1.6,249,231,56,2,10,6,16,3,6,0.239,0.256,96,0.42,0.689,0.174,196,189,0.962,0.367,164,14,97,5.2,740000.0,C,2
Player 140,2.8,346,332,124,3,5,6,25,2,10,0.395,0.454,183,0.7,0.933,0.178,172,185,0.968,0.413,438,17,93,5.8,740000.0,C,7
Player 141,2.1,508,452,167,43,11,2,27,10,24,0.4,0.461,286,0.7,1.068,0.264,70,187,0.944,0.154,85,19,91,4.8,740000.0,LF,20
Player 142,2.2,298,251,58,27,13,7,18,2,4,0.265,0.373,92,0.413,0.696,0.136,198,195,0.936,0.35,336,10,81,6.6,740000.0,C,3
Player 143,3.8,163,149,43,12,1,1,6,0,0,0.339,0.345,49,0.407,0.673,0.04,184,191,0.904,0.421,493,5,98,4.9,740000.0,LF,36
Player 144,2.9,461,432,132,23,5,1,14,10,21,0.314,0.323,229,0.558,0.877,0.224,73,114,0.948,0.137,362,7,86,6.2,740000.0,CF,2
Player 145,1.8,499,451,212,28,9,11,23,7,41,0.4,0.5,372,0.7,1.324,0.355,167,102,0.946,0.24,260,0,96,5.5,740000.0,2B,4
Player 146,-0.0,305,276,61,24,4,1,7,3,6,0.206,0.297,92,0.349,0.625,0.112,152,102,0.949,0.494,465,11,95,6.1,740000.0,SS,40
Player 147,9.4,361,308,80,30,14,9,18,7,11,0.271,0.364,145,0.47,0.814,0.211,188,153,0.988,0.458,188,6,93,4.1,740000.0,1B,8
Player 148,3.5,192,173,81,18,1,0,12,1,8,0.4,0.5,119,0.673,1.209,0.22,165,127,0.952,0.286,118,14,95,5.6,740000.0,2B,19
Player 149,2.3,438,381,186,27,20,10,13,0,9,0.4,0.5,226,0.667,1.125,0.105,132,79,0.965,0.176,465,10,95,6.0,740000.0,2B,20
Player 150,3.5,557,487,207,43,26,1,1,0,9,0.4,0.45,235,0.47,0.979,0.058,150,146,0.912,0.178,103,12,98,5.2,740000.0,3B,2
Player 151,2.5,244,235,54,4,0,5,9,1,8,0.25,0.218,89,0.383,0.617,0.149,169,136,0.937,0.481,436,19,97,7.0,23400000.0,CF,57
Player 152,4.0,411,360,82,33,13,5,15,7,6,0.225,0.264,129,0.308,0.669,0.13,98,95,0.914,0.277,218,7,81,5.5,777053.0,RF,22
Player 153,2.2,197,175,50,14,3,5,12,0,0,0.283,0.357,62,0.352,0.694,0.068,162,198,0.927,0.134,261,18,92,6.1,19300000.0,C,2
Player 154,2.5,372,355,175,9,8,0,2,10,11,0.4,0.5,230,0.672,1.164,0.155,187,60,0.937,0.207,52,13,86,5.1,34400000.0,RF,45
Player 155,2.0,161,141,40,11,7,2,3,2,5,0.29,0.355,62,0.482,0.8,0.156,136,101,0.907,0.209,330,0,86,5.7,758778.0,RF,50
Player 156,3.1,365,325,141,25,7,8,35,8,23,0.4,0.5,261,0.7,1.277,0.369,194,179,0.937,0.282,283,14,87,5.8,807066.0,C,7
Player 157,2.3,224,207,53,7,10,0,12,4,9,0.266,0.301,100,0.487,0.795,0.227,156,103,0.979,0.312,344,18,82,6.8,19900000.0,C,8
Player 158,3.6,428,380,189,38,4,6,21,7,16,0.4,0.438,272,0.623,1.256,0.219,101,140,0.946,0.156,203,15,93,4.9,23300000.0,3B,46
Player 159,1.9,285,258,70,16,10,1,15,0,2,0.292,0.36,91,0.339,0.69,0.082,169,185,0.938,0.305,104,3,91,5.0,25900000.0,3B,22
Player 160,1.8,392,334,161,38,9,11,24,6,17,0.4,0.5,248,0.7,1.274,0.261,55,171,0.99,0.155,225,5,84,6.2,13300000.0,CF,9
Player 161,8.1,487,438,207,25,19,5,19,4,22,0.4,0.467,300,0.576,1.2,0.212,186,107,0.9,0.312,45,7,99,4.5,41300000.0,1B,6
Player 162,3.0,321,293,88,21,7,0,26,5,11,0.302,0.385,157,0.522,0.897,0.236,83,171,0.952,0.228,45,6,82,5.7,13600000.0,2B,24
Player 163,-0.3,448,379,84,43,16,10,2,3,15,0.216,0.316,137,0.349,0.68,0.139,195,94,0.976,0.128,314,16,83,6.6,813406.0,SS,16
Player 164,2.1,219,207,77,8,1,3,16,5,11,0.4,0.433,136,0.7,1.05,0.285,89,68,0.978,0.244,319,18,94,5.3,8300000.0,3B,58
Player 165,7.5,218,197,87,15,6,0,11,4,9,0.4,0.425,133,0.546,1.17,0.233,120,159,0.9,0.255,276,4,99,4.6,13500000.0,1B,2
Player 166,-0.4,595,561,233,28,6,0,23,10,8,0.4,0.479,300,0.577,0.984,0.12,61,84,0.978,0.409,440,12,98,6.4,965177.0,SS,11
Player 167,3.6,418,400,154,11,1,6,30,12,29,0.4,0.418,295,0.7,1.135,0.353,190,80,0.962,0.492,74,1,86,5.7,37700000.0,2B,15
Player 168,3.9,200,184,56,12,4,0,11,3,2,0.313,0.35,79,0.406,0.789,0.125,151,185,0.97,0.322,202,5,86,6.6,17600000.0,C,1
Player 169,1.8,546,497,117,42,6,1,3,9,5,0.238,0.291,153,0.301,0.61,0.073,162,106,0.995,0.207,454,8,80,6.4,40900000.0,CF,2
Player 170,2.9,176,166,45,10,0,0,4,3,0,0.258,0.321,55,0.354,0.643,0.06,101,80,0.9,0.121,92,3,84,5.3,7700000.0,3B,30
Player 171,1.6,186,176,40,4,3,3,3,0,4,0.272,0.275,55,0.387,0.565,0.085,167,138,0.947,0.32,160,13,83,5.9,19400000.0,RF,24
Player 172,2.3,412,379,77,19,7,7,24,2,0,0.212,0.241,105,0.3,0.527,0.074,115,128,0.936,0.301,149,13,96,4.6,24700000.0,C,8
Player 173,3.0,423,377,141,26,13,7,46,2,16,0.342,0.43,239,0.683,1.06,0.26,143,97,0.962,0.112,171,10,96,5.8,30100000.0,2B,34
Player 174,6.3,423,403,153,10,1,9,42,11,5,0.4,0.425,232,0.7,0.964,0.196,149,92,0.926,0.135,248,12,84,4.5,31100000.0,1B,6
Player 175,3.5,281,243,98,23,8,7,23,5,5,0.4,0.463,146,0.607,1.06,0.198,155,109,0.974,0.214,421,10,91,5.7,23300000.0,RF,17
Player 176,4.0,185,184,91,0,1,0,23,8,8,0.4,0.5,154,0.7,1.334,0.342,59,179,0.923,0.418,414,5,82,4.3,1100000.0,C,9
Player 177,9.6,510,469,139,27,9,5,6,1,17,0.287,0.335,198,0.309,0.765,0.126,165,154,0.9,0.196,481,10,86,4.4,39200000.0,1B,8
Player 178,2.5,214,206,59,1,7,0,1,4,3,0.288,0.35,77,0.475,0.687,0.088,110,198,0.957,0.233,277,19,97,6.4,11500000.0,CF,22
Player 179,2.8,195,186,60,3,4,2,12,4,7,0.364,0.37,101,0.613,0.887,0.22,75,129,0.949,0.45,74,18,82,5.5,4500000.0,RF,12
Player 180,1.7,320,303,69,6,9,2,9,5,11,0.259,0.264,121,0.456,0.662,0.171,91,143,0.919,0.293,25,18,80,5.3,14900000.0,3B,30
Player 181,3.0,156,140,54,7,6,3,8,1,0,0.4,0.438,64,0.579,0.886,0.071,178,122,0.942,0.198,379,7,92,4.9,19400000.0,LF,2
Player 182,1.5,194,177,40,11,6,0,2,3,5,0.247,0.27,63,0.385,0.65,0.13,56,65,0.957,0.13,210,4,96,6.0,1200000.0,2B,45
Player 183,3.8,426,380,186,32,1,13,19,17,9,0.4,0.5,266,0.7,1.214,0.211,181,86,0.962,0.478,401,1,95,4.0,36700000.0,C,5
Player 184,2.1,226,211,83,6,9,0,20,0,11,0.378,0.389,136,0.51,1.079,0.252,160,64,0.942,0.39,405,8,86,4.3,20700000.0,1B,8
Player 185,3.7,454,434,94,5,1,14,27,0,0,0.258,0.244,121,0.36,0.499,0.062,100,119,0.914,0.489,61,13,83,5.2,24800000.0,RF,23
Player 186,1.5,222,200,43,15,4,3,13,3,5,0.228,0.289,77,0.393,0.664,0.17,100,153,0.9,0.106,126,17,89,4.0,10400000.0,1B,7
Player 187,2.0,240,234,106,0,3,3,19,9,8,0.4,0.437,167,0.691,1.168,0.261,83,173,0.956,0.326,230,9,99,6.2,8600000.0,CF,6
Player 188,3.9,336,289,73,27,14,6,16,1,12,0.25,0.36,127,0.418,0.778,0.186,191,188,0.941,0.246,316,16,94,5.4,32800000.0,C,5
Player 189,3.9,373,364,146,4,5,0,19,8,1,0.4,0.442,184,0.507,0.921,0.104,86,178,0.918,0.473,280,2,88,6.4,17400000.0,C,8
Player 190,2.7,249,230,47,9,5,5,13,1,0,0.215,0.228,62,0.3,0.515,0.066,121,99,0.934,0.305,7,9,93,5.5,15600000.0,RF,30
Player 191,2.6,339,315,82,10,4,10,19,4,1,0.26,0.283,112,0.322,0.639,0.096,106,123,0.959,0.306,365,18,89,4.7,18600000.0,LF,36
Player 192,3.1,374,351,86,3,14,6,18,4,16,0.253,0.27,160,0.414,0.731,0.211,119,112,0.944,0.394,152,7,90,5.2,23000000.0,RF,49
Player 193,1.8,265,237,87,18,9,1,3,6,14,0.396,0.416,144,0.583,1.038,0.241,62,115,0.918,0.161,76,2,88,4.0,6600000.0,1B,4
Player 194,2.7,315,301,113,8,1,5,27,4,8,0.391,0.438,172,0.672,0.958,0.196,123,181,0.965,0.477,330,13,85,5.1,20000000.0,RF,58
Player 195,2.3,275,245,115,10,12,8,28,1,19,0.4,0.486,202,0.7,1.322,0.355,63,103,0.953,0.146,185,17,98,6.4,7400000.0,CF,26
Player 196,3.7,196,180,71,11,5,0,16,5,2,0.362,0.474,103,0.613,1.016,0.178,58,143,0.932,0.491,138,19,82,6.9,1600000.0,CF,14
Player 197,3.1,387,366,174,3,11,7,46,11,26,0.4,0.5,320,0.7,1.36,0.399,133,117,0.93,0.362,3,11,88,6.4,26200000.0,C,6
Player 198,2.7,482,453,147,12,6,11,18,7,18,0.302,0.346,233,0.491,0.856,0.189,162,126,0.914,0.328,65,9,92,5.6,37000000.0,2B,21
Player 199,2.7,485,471,234,14,0,0,61,14,15,0.4,0.488,368,0.7,1.292,0.284,92,57,0.921,0.287,83,15,93,5.7,25300000.0,2B,5
Player 200,-0.4,328,305,90,18,5,0,26,1,13,0.274,0.359,157,0.466,0.86,0.22,143,94,0.964,0.288,499,9,93,6.4,24200000.0,SS,60
Player 201,1.9,306,256,102,28,14,8,23,8,18,0.397,0.462,195,0.7,1.233,0.364,115,199,0.953,0.474,45,8,81,6.4,926878.0,SS,43
Player 202,2.9,363,336,114,7,15,5,14,0,21,0.399,0.377,191,0.668,0.943,0.229,180,151,0.935,0.459,494,8,97,6.5,32600000.0,C,8
Player 203,3.7,464,428,155,26,10,0,18,8,23,0.31,0.35,258,0.468,1.015,0.241,142,64,0.928,0.1,75,19,84,5.0,32500000.0,3B,2
Player 204,1.7,349,304,72,22,15,8,18,3,0,0.249,0.308,96,0.3,0.628,0.079,87,149,0.991,0.484,392,12,87,5.7,780429.0,2B,22
Player 205,8.1,341,331,101,3,0,7,9,3,19,0.293,0.327,173,0.575,0.828,0.218,158,157,0.984,0.467,93,11,95,4.7,27500000.0,1B,8
Player 206,-0.4,172,155,55,10,7,0,2,3,0,0.323,0.403,63,0.422,0.825,0.051,63,50,0.942,0.279,324,4,88,6.4,1000000.0,SS,10
Player 207,2.2,534,518,116,15,0,1,0,9,15,0.217,0.228,179,0.328,0.591,0.122,139,63,0.952,0.28,398,18,87,6.0,770148.0,RF,42
Player 208,3.0,584,526,246,48,7,3,62,20,41,0.4,0.5,471,0.7,1.41,0.427,142,114,0.923,0.468,224,16,96,4.1,39900000.0,LF,33
Player 209,2.1,332,318,86,1,11,2,12,7,10,0.291,0.277,142,0.469,0.742,0.177,64,59,0.952,0.136,51,0,96,5.0,11100000.0,3B,23
Player 210,3.2,595,559,180,17,14,5,39,11,13,0.261,0.336,280,0.384,0.856,0.179,168,123,0.927,0.225,134,8,89,4.8,45000000.0,3B,9
Player 211,3.8,221,209,90,4,6,2,10,4,4,0.4,0.5,120,0.7,1.026,0.143,105,125,0.953,0.126,361,12,87,5.4,11100000.0,2B,12
Player 212,2.0,427,388,138,15,16,8,42,1,6,0.353,0.43,200,0.556,0.911,0.159,139,121,0.962,0.165,287,9,90,6.8,29700000.0,CF,45
Player 213,3.7,436,420,180,12,2,2,20,1,31,0.4,0.45,295,0.7,1.147,0.273,170,64,0.97,0.188,364,0,99,6.9,35500000.0,CF,45
Player 214,3.1,452,392,96,33,14,13,10,5,8,0.269,0.308,140,0.364,0.673,0.112,150,147,0.9,0.446,124,18,88,5.3,33100000.0,2B,53
Player 215,4.0,347,298,134,27,12,10,18,4,25,0.4,0.47,235,0.7,1.288,0.339,73,75,0.912,0.361,81,11,83,5.0,13600000.0,3B,50
Player 216,2.0,292,251,123,26,12,3,24,2,14,0.4,0.459,193,0.654,1.32,0.279,51,138,0.952,0.342,98,17,80,4.0,6400000.0,1B,6
Player 217,3.0,332,306,143,14,7,5,46,9,6,0.4,0.5,225,0.7,1.229,0.268,187,151,0.947,0.474,285,4,86,6.1,31900000.0,CF,11
Player 218,2.9,595,523,212,33,24,15,39,5,37,0.386,0.419,372,0.7,1.163,0.306,149,76,0.91,0.386,243,6,94,5.7,41800000.0,C,0
Player 219,-0.2,239,207,49,21,7,4,9,3,0,0.235,0.335,64,0.317,0.631,0.072,95,67,0.97,0.129,102,9,88,7.0,10600000.0,SS,20
Player 220,-0.9,184,162,55,13,8,1,13,3,1,0.337,0.435,77,0.484,0.888,0.135,73,140,0.973,0.314,64,3,80,7.0,3400000.0,SS,56
Player 221,3.5,223,198,64,16,3,6,15,4,8,0.334,0.372,111,0.622,0.933,0.238,188,119,0.954,0.264,213,4,94,4.2,25300000.0,LF,40
Player 222,2.3,361,353,133,4,3,1,6,9,15,0.4,0.455,202,0.7,0.96,0.195,130,198,0.918,0.403,238,0,85,4.5,24100000.0,LF,8
Player 223,2.4,512,452,137,36,8,16,7,0,14,0.334,0.411,186,0.522,0.766,0.109,105,114,0.963,0.485,389,0,80,4.8,29200000.0,LF,43
Player 224,3.8,391,345,141,28,17,1,16,11,13,0.4,0.487,218,0.7,1.108,0.223,110,66,0.946,0.129,433,2,90,5.0,22500000.0,RF,8
Player 225,3.7,283,261,62,13,9,0,19,5,7,0.268,0.312,112,0.476,0.726,0.191,174,167,0.932,0.148,87,8,91,5.1,980059.0,RF,47
Player 226,-0.2,289,256,124,18,10,5,30,10,11,0.388,0.432,207,0.605,1.335,0.325,95,81,0.902,0.175,226,13,89,6.1,13700000.0,SS,3
Player 227,2.3,363,336,120,19,3,5,16,10,2,0.343,0.362,162,0.486,0.873,0.125,154,199,0.954,0.411,282,4,93,4.8,28200000.0,LF,0
Player 228,3.2,475,413,162,35,18,9,44,9,21,0.377,0.496,287,0.7,1.148,0.303,168,107,0.918,0.208,427,3,90,7.0,37600000.0,SS,28
Player 229,3.6,301,264,123,28,8,1,12,8,16,0.4,0.5,199,0.7,1.282,0.288,190,68,0.975,0.374,53,7,97,6.2,30500000.0,C,7
Player 230,2.4,340,285,89,32,13,10,6,7,15,0.374,0.408,154,0.645,0.934,0.228,175,96,0.972,0.396,463,18,96,6.0,30400000.0,2B,26
Player 231,2.5,317,294,111,17,0,6,4,10,3,0.338,0.334,144,0.382,0.894,0.112,108,52,0.917,0.17,144,6,83,4.7,17600000.0,1B,5
Player 232,3.1,257,233,88,20,3,1,19,2,16,0.368,0.475,159,0.7,1.114,0.304,93,59,0.935,0.278,67,19,98,4.7,11300000.0,1B,1
Player 233,2.6,586,554,132,9,14,9,17,0,2,0.224,0.249,155,0.3,0.545,0.042,113,108,0.9,0.459,292,18,80,4.4,35100000.0,LF,29
Player 234,3.2,478,438,217,13,17,10,22,3,20,0.4,0.5,305,0.7,1.213,0.201,75,90,0.935,0.371,266,8,94,4.9,22000000.0,3B,34
Player 235,-0.9,421,387,133,21,13,0,13,11,15,0.363,0.403,213,0.505,0.947,0.206,146,126,0.972,0.434,306,5,86,6.1,30500000.0,SS,13
Player 236,3.4,455,412,178,15,15,13,12,9,23,0.4,0.485,277,0.622,1.129,0.24,123,90,0.919,0.279,369,19,81,5.9,28700000.0,2B,6
Player 237,3.5,618,605,189,12,0,1,55,2,6,0.293,0.344,266,0.437,0.765,0.128,79,195,0.957,0.341,96,4,96,5.4,31400000.0,2B,13
Player 238,1.7,383,346,137,33,4,0,37,1,25,0.364,0.462,251,0.7,1.179,0.329,75,178,0.935,0.231,473,0,80,5.0,16100000.0,3B,18
Player 239,3.3,361,316,104,25,17,3,11,0,9,0.337,0.399,142,0.442,0.853,0.12,122,180,0.965,0.388,105,18,95,6.1,22700000.0,C,6
Player 240,3.6,153,140,34,8,4,1,4,2,0,0.287,0.35,42,0.349,0.601,0.057,96,199,0.974,0.436,84,6,99,5.9,5400000.0,RF,60
Player 241,3.0,273,270,73,0,1,2,9,0,9,0.291,0.292,109,0.425,0.675,0.134,119,66,0.968,0.201,349,19,82,4.1,16700000.0,1B,8
Player 242,3.0,269,245,75,16,4,4,12,3,5,0.31,0.374,108,0.421,0.794,0.135,177,159,0.979,0.145,288,11,90,6.3,26300000.0,CF,47
Player 243,7.0,302,296,142,1,2,3,13,0,9,0.4,0.474,182,0.528,1.095,0.135,129,113,0.9,0.332,124,10,95,4.7,20200000.0,1B,1
Player 244,3.5,190,174,60,8,8,0,16,3,8,0.312,0.41,106,0.625,1.009,0.264,94,57,0.91,0.43,32,0,91,4.4,7400000.0,1B,0
Player 245,1.9,349,315,127,17,16,1,18,5,7,0.4,0.48,176,0.632,1.017,0.156,180,74,0.981,0.222,466,17,97,5.4,31800000.0,RF,41
Player 246,7.8,223,212,48,6,5,0,13,2,4,0.232,0.271,77,0.45,0.628,0.137,112,161,0.946,0.259,399,19,95,4.6,12400000.0,1B,5
Player 247,1.8,438,412,86,12,7,7,11,0,2,0.193,0.257,103,0.3,0.49,0.041,82,170,0.962,0.249,392,8,97,6.8,20700000.0,CF,14
Player 248,6.2,544,504,145,16,23,1,2,4,13,0.298,0.308,194,0.356,0.723,0.097,116,72,0.976,0.142,444,9,92,4.4,33000000.0,1B,9
Player 249,2.9,435,392,195,21,16,6,48,8,1,0.4,0.5,262,0.7,1.201,0.171,169,172,0.945,0.425,58,0,96,5.1,993061.0,3B,43
Player 250,2.1,484,432,154,40,6,6,4,0,29,0.4,0.457,245,0.635,0.98,0.211,122,55,0.935,0.357,321,9,95,5.8,770126.0,RF,36
Player 251,1.5,310,276,97,14,13,7,17,7,3,0.4,0.458,137,0.568,0.896,0.145,59,146,0.953,0.129,470,7,82,4.7,8900000.0,1B,5
Player 252,1.5,226,217,85,6,1,2,16,3,5,0.4,0.466,122,0.7,0.969,0.17,89,123,0.968,0.157,258,3,90,5.9,8700000.0,RF,35
Player 253,3.9,484,466,176,15,3,0,12,0,4,0.311,0.325,200,0.349,0.83,0.051,127,140,0.904,0.378,486,19,98,5.3,31200000.0,C,4
Player 254,2.7,424,382,152,30,8,4,13,6,27,0.373,0.387,258,0.496,1.123,0.277,95,103,0.9,0.122,278,5,81,5.1,22000000.0,3B,59
Player 255,3.2,370,345,100,18,0,7,21,1,7,0.316,0.34,144,0.53,0.736,0.127,87,97,0.951,0.383,434,10,87,4.9,17300000.0,3B,27
Player 256,7.2,146,137,52,5,4,0,7,3,4,0.398,0.444,77,0.583,0.98,0.182,105,169,0.968,0.251,449,19,91,4.7,6500000.0,1B,7
Player 257,2.5,332,310,153,11,8,3,37,0,9,0.4,0.5,217,0.643,1.218,0.206,110,138,0.99,0.457,115,15,94,5.0,18900000.0,3B,23
Player 258,1.5,286,279,86,6,0,1,21,6,12,0.258,0.274,155,0.473,0.878,0.248,96,136,0.914,0.384,320,15,84,4.3,13700000.0,1B,2
Player 259,-0.4,430,409,125,6,13,2,12,9,1,0.312,0.357,158,0.435,0.721,0.08,121,74,0.941,0.215,6,13,98,6.4,985239.0,SS,52
Player 260,3.8,175,171,36,0,3,1,10,0,2,0.191,0.206,52,0.325,0.527,0.093,77,119,0.978,0.372,470,0,95,5.7,3600000.0,2B,54
Player 261,3.1,463,444,179,11,4,4,27,11,26,0.4,0.462,306,0.7,1.108,0.286,148,170,0.969,0.346,401,0,84,6.1,33400000.0,C,9
Player 262,3.6,326,280,72,30,15,1,1,6,6,0.273,0.373,103,0.445,0.727,0.111,155,103,0.946,0.443,34,10,91,6.0,26100000.0,2B,44
Player 263,2.7,285,260,89,17,3,5,20,6,14,0.349,0.402,163,0.7,1.009,0.285,50,180,0.936,0.377,400,13,88,5.4,5800000.0,C,7
Player 264,3.8,252,238,97,1,7,6,21,1,6,0.399,0.427,138,0.54,0.997,0.172,94,91,0.958,0.416,295,18,90,5.7,11200000.0,RF,58
Player 265,3.7,336,282,111,30,15,9,5,9,17,0.391,0.443,185,0.609,1.12,0.262,195,117,0.923,0.103,263,10,86,5.3,33500000.0,3B,49
Player 266,2.1,396,348,90,28,17,3,3,8,5,0.253,0.347,124,0.34,0.697,0.097,75,188,0.927,0.305,482,12,82,4.9,16900000.0,3B,4
Player 267,1.5,500,438,202,47,15,0,44,2,27,0.372,0.495,331,0.656,1.284,0.295,152,174,0.97,0.26,20,19,82,5.0,854698.0,RF,50
Player 268,1.8,336,327,144,0,2,7,24,6,22,0.399,0.476,246,0.7,1.187,0.312,141,96,0.987,0.368,138,2,94,4.9,24400000.0,LF,1
Player 269,1.7,562,497,191,28,25,12,51,5,32,0.4,0.441,348,0.7,1.134,0.316,120,189,0.988,0.115,374,18,96,5.0,34800000.0,3B,39
Player 270,2.6,300,290,71,7,0,3,3,4,6,0.241,0.23,100,0.302,0.605,0.1,158,169,0.9,0.278,18,12,85,6.3,25000000.0,SS,55
Player 271,7.5,411,363,88,40,8,0,16,7,11,0.288,0.353,151,0.531,0.747,0.174,104,196,0.957,0.48,390,14,94,4.3,903564.0,1B,7
Player 272,3.7,515,469,116,30,6,10,3,4,22,0.253,0.27,193,0.44,0.707,0.165,78,86,0.995,0.355,157,2,90,6.7,24800000.0,CF,40
Player 273,3.7,345,314,130,12,14,5,28,2,7,0.4,0.5,183,0.7,1.035,0.169,81,113,0.954,0.414,162,7,88,5.9,14800000.0,C,0
Player 274,2.9,151,149,62,1,0,1,2,2,3,0.4,0.419,77,0.608,0.934,0.101,136,155,0.952,0.496,248,19,95,5.8,12000000.0,RF,23
Player 275,3.8,226,212,45,1,8,5,0,0,3,0.253,0.24,54,0.329,0.494,0.043,177,183,0.943,0.283,20,9,89,4.5,23600000.0,C,1
Player 276,1.6,335,297,129,19,12,7,5,10,11,0.4,0.5,187,0.662,1.108,0.196,70,180,0.9,0.442,9,11,86,6.0,12300000.0,CF,31
Player 277,2.6,201,178,71,18,0,5,14,6,2,0.348,0.429,103,0.458,1.022,0.18,125,172,0.945,0.145,56,11,92,4.9,13300000.0,LF,29
Player 278,3.0,209,192,65,4,8,5,6,3,3,0.332,0.404,86,0.476,0.816,0.109,53,175,0.927,0.475,439,8,81,6.2,1600000.0,CF,6
Player 279,3.0,248,223,77,22,1,2,0,1,1,0.347,0.435,82,0.385,0.771,0.023,174,112,0.968,0.2,353,14,89,6.0,24500000.0,2B,38
Player 280,2.5,356,337,146,8,3,8,35,2,0,0.4,0.452,185,0.666,0.99,0.116,168,144,0.991,0.192,245,12,95,5.3,750076.0,3B,44
Player 281,3.3,261,224,95,23,12,2,9,0,10,0.4,0.5,134,0.649,1.096,0.174,125,191,0.953,0.482,155,6,89,5.3,17000000.0,C,8
Player 282,-0.7,376,343,110,13,15,5,16,5,3,0.357,0.414,145,0.548,0.79,0.102,68,115,0.941,0.197,399,15,97,6.4,14500000.0,SS,46
Player 283,3.5,324,304,120,3,8,9,35,2,1,0.375,0.402,162,0.578,0.937,0.138,186,51,0.956,0.29,179,4,83,5.7,31200000.0,C,0
Player 284,1.5,199,181,41,15,2,1,0,0,1,0.239,0.296,44,0.3,0.534,0.016,172,112,0.905,0.197,433,3,87,5.3,21100000.0,RF,43
Player 285,1.6,348,335,136,9,1,3,42,10,20,0.4,0.383,258,0.7,1.19,0.364,68,144,0.967,0.475,221,6,98,5.2,12800000.0,RF,35
Player 286,2.0,352,316,117,27,7,2,5,0,7,0.39,0.45,143,0.511,0.882,0.083,100,134,0.946,0.447,191,10,98,5.0,18400000.0,LF,2
Player 287,2.6,184,174,43,6,0,4,11,1,0,0.207,0.222,56,0.3,0.588,0.075,99,86,0.931,0.192,373,15,87,5.5,7800000.0,RF,7
Player 288,3.2,421,396,113,10,5,10,32,1,4,0.308,0.32,159,0.521,0.706,0.117,62,139,0.953,0.151,318,1,86,4.6,16300000.0,1B,2
Player 289,2.8,341,302,107,28,11,0,19,9,15,0.343,0.407,189,0.475,1.054,0.272,171,61,0.929,0.471,437,1,86,4.2,29700000.0,LF,38
Player 290,1.9,371,349,147,14,5,3,23,4,6,0.388,0.467,196,0.536,1.009,0.141,170,142,0.946,0.277,308,4,83,4.0,926270.0,LF,47
Player 291,2.3,285,267,67,1,12,5,4,2,4,0.268,0.323,87,0.386,0.607,0.075,86,180,0.988,0.419,379,17,99,5.4,859856.0,2B,41
Player 292,8.6,258,245,56,7,6,0,11,3,2,0.243,0.311,79,0.364,0.589,0.093,123,197,0.942,0.426,371,13,90,4.6,16500000.0,1B,8
Player 293,3.0,404,370,168,9,18,7,16,8,32,0.4,0.491,296,0.7,1.283,0.346,58,184,0.975,0.232,113,18,90,5.1,14600000.0,RF,0
Player 294,3.9,239,223,63,11,4,1,17,3,11,0.27,0.301,119,0.493,0.86,0.251,137,118,0.901,0.435,354,7,81,4.0,17700000.0,1B,3
Player 295,-0.2,523,484,96,21,14,4,11,5,5,0.23,0.281,132,0.306,0.523,0.075,68,164,0.955,0.291,81,12,97,6.3,23600000.0,SS,24
Player 296,3.5,184,170,57,11,3,0,7,0,4,0.353,0.364,76,0.443,0.833,0.112,143,166,0.943,0.15,491,3,87,5.4,15300000.0,RF,27
Player 297,2.4,365,331,115,13,12,9,3,7,10,0.287,0.327,162,0.384,0.873,0.142,66,163,0.93,0.33,303,11,92,4.1,13500000.0,1B,2
Player 298,1.9,235,212,49,15,5,3,6,1,4,0.262,0.329,69,0.377,0.619,0.094,191,65,0.905,0.441,255,16,91,5.7,26500000.0,2B,22
Player 299,4.0,283,244,63,24,8,7,19,5,4,0.278,0.346,104,0.501,0.762,0.168,181,141,0.954,0.416,397,6,98,4.8,852939.0,3B,17
Player 300,3.2,253,236,76,14,1,2,1,1,10,0.272,0.313,109,0.38,0.822,0.14,76,121,0.954,0.23,471,18,91,5.9,8200000.0,2B,42
Player 301,3.5,220,197,89,12,8,3,13,6,12,0.4,0.481,150,0.7,1.256,0.309,183,73,0.902,0.386,264,15,83,5.7,24300000.0,2B,14
Player 302,1.7,229,216,84,4,4,5,22,4,12,0.4,0.417,150,0.63,1.096,0.305,63,183,0.904,0.197,470,11,85,5.3,4500000.0,C,8
Player 303,3.7,278,267,60,2,6,3,10,0,2,0.227,0.262,76,0.3,0.53,0.06,191,145,0.966,0.268,185,3,87,4.8,29200000.0,3B,32
Player 304,1.7,281,264,62,0,12,5,7,0,7,0.245,0.274,90,0.349,0.604,0.106,81,77,0.935,0.28,127,19,94,5.1,10800000.0,3B,39
Player 305,3.0,339,295,119,27,8,9,32,7,15,0.382,0.494,210,0.7,1.166,0.309,191,129,0.96,0.459,176,18,92,7.0,33000000.0,C,9
Player 306,3.7,322,313,77,2,7,0,7,4,6,0.27,0.316,110,0.454,0.618,0.105,89,63,0.975,0.201,230,14,95,6.0,916069.0,2B,53
Player 307,-0.4,249,220,88,15,11,3,7,2,0,0.4,0.5,99,0.573,0.908,0.05,96,78,0.943,0.199,8,14,83,6.4,11400000.0,SS,34
Player 308,2.0,421,404,140,11,3,3,39,0,7,0.374,0.386,200,0.517,0.861,0.148,175,50,0.95,0.498,276,0,86,4.5,35400000.0,LF,45
Player 309,3.4,328,284,114,30,5,9,5,0,20,0.4,0.421,179,0.497,1.084,0.229,109,199,0.947,0.469,50,17,90,5.5,18500000.0,C,8
Player 310,3.4,342,317,77,20,2,3,4,4,2,0.199,0.25,95,0.3,0.589,0.057,125,111,0.9,0.365,454,9,95,5.0,951257.0,LF,39
Player 311,2.6,205,186,71,7,8,4,16,2,8,0.381,0.444,115,0.616,1.038,0.236,86,91,0.93,0.155,323,19,81,7.0,6900000.0,C,6
Player 312,2.2,324,284,62,23,10,7,3,5,3,0.212,0.277,84,0.3,0.589,0.078,192,189,0.918,0.488,348,12,90,6.3,32200000.0,C,8
Player 313,2.8,198,182,58,11,3,2,8,4,3,0.381,0.42,83,0.584,0.82,0.137,112,106,0.961,0.294,134,9,83,6.9,10900000.0,CF,6
Player 314,1.7,604,578,116,15,8,3,2,1,20,0.185,0.209,180,0.333,0.541,0.11,92,131,0.94,0.218,155,17,98,6.0,824972.0,CF,27
Player 315,1.6,408,383,180,16,1,8,4,14,2,0.4,0.491,218,0.696,1.052,0.099,52,151,0.922,0.463,442,12,90,5.9,786764.0,2B,27
Player 316,1.9,415,374,181,25,9,7,24,14,9,0.4,0.5,260,0.7,1.213,0.211,197,154,0.923,0.464,128,1,98,5.2,38700000.0,C,8
Player 317,-0.1,177,154,30,14,5,4,8,2,2,0.208,0.309,48,0.403,0.589,0.117,195,101,0.957,0.42,88,6,87,6.5,23600000.0,SS,58
Player 318,1.9,269,257,85,0,5,7,10,7,2,0.34,0.318,115,0.441,0.782,0.116,132,187,0.944,0.455,89,12,84,5.6,18700000.0,RF,37
Player 319,2.8,502,445,89,36,15,6,27,1,11,0.195,0.285,151,0.313,0.618,0.139,198,188,0.947,0.484,43,13,81,6.1,44300000.0,C,1
Player 320,-0.3,397,348,134,25,15,9,34,2,5,0.4,0.442,187,0.599,0.975,0.152,68,57,0.992,0.105,28,14,97,6.5,15800000.0,SS,32
Player 321,3.0,193,183,38,3,6,1,6,2,6,0.234,0.29,66,0.444,0.605,0.153,123,68,0.946,0.313,484,19,92,6.4,12400000.0,CF,51
Player 322,2.7,176,164,70,3,5,4,1,0,11,0.4,0.486,104,0.598,1.077,0.207,89,146,0.952,0.105,73,16,82,4.9,740482.0,3B,11
Player 323,2.4,403,381,172,9,5,8,21,11,12,0.4,0.498,251,0.646,1.121,0.208,140,128,0.983,0.186,100,1,91,5.6,28400000.0,RF,14
Player 324,-0.3,475,444,120,18,7,6,27,4,15,0.257,0.329,200,0.449,0.755,0.18,138,85,0.939,0.401,286,11,80,7.0,801792.0,SS,11
Player 325,1.8,370,327,136,23,10,10,9,7,19,0.35,0.394,216,0.503,1.118,0.245,121,122,0.928,0.256,376,10,87,4.8,23100000.0,LF,3
Player 326,1.8,232,214,105,13,1,4,2,4,2,0.4,0.5,121,0.546,1.078,0.074,132,51,0.973,0.179,464,13,89,5.5,16400000.0,2B,0
Player 327,2.2,432,390,124,21,15,6,29,4,19,0.298,0.322,218,0.426,0.929,0.241,199,198,0.959,0.151,45,8,96,5.3,943959.0,C,5
Player 328,3.5,323,285,62,21,11,6,15,1,4,0.214,0.273,91,0.3,0.61,0.101,122,63,0.957,0.157,51,19,92,5.4,20300000.0,2B,5
Player 329,3.2,285,277,112,2,4,2,4,0,5,0.4,0.373,131,0.486,0.887,0.069,69,161,0.931,0.3,209,0,98,6.3,9000000.0,CF,56
Player 330,3.6,429,398,92,7,19,5,4,8,7,0.261,0.278,133,0.374,0.609,0.103,83,173,0.94,0.342,70,13,93,5.2,20300000.0,RF,53
Player 331,1.8,207,195,62,6,2,4,5,5,5,0.298,0.351,92,0.503,0.81,0.154,123,129,0.953,0.232,197,0,98,4.5,13300000.0,C,0
Player 332,2.7,294,270,130,12,6,6,39,4,16,0.4,0.488,225,0.7,1.336,0.352,165,190,0.976,0.197,24,1,83,6.6,25800000.0,C,7
Player 333,2.3,198,185,58,9,4,0,12,0,8,0.302,0.298,94,0.436,0.867,0.194,137,95,0.906,0.268,446,13,88,4.5,799974.0,1B,7
Player 334,2.9,290,268,115,13,5,4,7,2,22,0.4,0.492,192,0.681,1.175,0.287,195,126,0.959,0.139,486,10,90,5.2,30600000.0,3B,51
Player 335,4.0,500,459,196,13,16,12,32,0,14,0.375,0.403,270,0.505,1.038,0.161,65,93,0.933,0.39,107,14,83,4.5,21700000.0,1B,6
Player 336,1.8,297,257,59,23,11,6,8,0,6,0.204,0.266,85,0.3,0.644,0.101,70,104,0.9,0.163,125,3,99,4.7,9900000.0,1B,7
Player 337,6.1,346,303,85,28,7,8,17,1,7,0.261,0.369,125,0.406,0.76,0.132,63,183,0.946,0.134,94,16,91,4.4,11800000.0,1B,4
Player 338,3.4,490,448,104,30,4,8,22,5,10,0.204,0.246,166,0.3,0.653,0.139,189,190,0.953,0.169,62,5,97,5.5,42000000.0,C,8
Player 339,3.8,282,274,132,7,0,1,35,11,24,0.4,0.5,261,0.7,1.446,0.471,71,136,0.96,0.446,85,4,92,4.8,9200000.0,LF,8
Player 340,2.5,383,348,106,28,1,6,3,1,9,0.279,0.317,138,0.317,0.749,0.092,135,182,0.909,0.236,251,14,88,4.9,932692.0,LF,20
Player 341,-0.9,469,435,193,20,8,6,22,16,3,0.4,0.466,256,0.643,1.06,0.145,64,114,0.955,0.206,288,8,91,6.2,19600000.0,SS,10
Player 342,2.3,147,130,34,11,4,2,8,1,2,0.271,0.358,50,0.41,0.718,0.123,80,61,0.965,0.25,171,17,96,6.2,2300000.0,CF,35
Player 343,3.5,413,365,125,22,15,11,20,0,7,0.308,0.373,166,0.458,0.847,0.113,190,107,0.93,0.116,459,16,94,6.3,37400000.0,SS,29
Player 344,1.8,424,406,113,8,4,6,13,0,18,0.293,0.354,180,0.494,0.738,0.165,178,62,0.909,0.408,5,0,93,4.8,36100000.0,3B,53
Player 345,1.6,220,212,83,3,3,2,26,0,1,0.4,0.444,112,0.544,0.933,0.136,111,56,0.9,0.117,435,18,88,4.0,12100000.0,1B,6
Player 346,-0.0,327,285,121,21,12,9,31,7,20,0.4,0.441,226,0.7,1.264,0.368,71,67,0.942,0.282,450,3,81,7.0,957492.0,SS,28
Player 347,4.0,443,417,97,13,7,6,16,4,17,0.227,0.289,172,0.407,0.676,0.179,145,151,0.97,0.218,98,6,94,6.5,31700000.0,C,9
Player 348,2.7,431,403,149,15,7,6,1,5,12,0.375,0.392,196,0.491,0.883,0.116,157,96,0.9,0.443,208,4,90,5.1,746253.0,3B,24
Player 349,-0.7,333,316,75,11,6,0,22,5,12,0.26,0.251,143,0.488,0.729,0.216,163,96,0.918,0.155,460,4,98,6.1,27900000.0,SS,32
Player 350,2.4,187,167,57,9,7,4,3,1,7,0.366,0.419,83,0.644,0.887,0.156,119,144,0.932,0.386,325,15,81,6.1,969941.0,CF,10
Player 351,3.9,365,320,110,28,11,6,2,0,15,0.319,0.409,157,0.457,0.899,0.147,137,111,0.9,0.358,54,11,94,5.0,25500000.0,3B,48
Player 352,-0.8,571,522,114,44,0,5,9,10,19,0.218,0.305,200,0.398,0.66,0.165,66,117,0.96,0.308,307,9,93,6.6,26300000.0,SS,34
Player 353,7.7,307,268,112,28,10,1,9,9,9,0.4,0.496,166,0.655,1.108,0.201,118,163,0.9,0.353,487,8,84,4.5,18700000.0,1B,6
Player 354,3.7,574,521,123,43,1,9,32,3,12,0.258,0.316,197,0.438,0.669,0.142,124,174,0.956,0.342,304,4,81,6.6,36300000.0,C,9
Player 355,-1.0,247,237,88,7,0,3,16,2,10,0.4,0.406,138,0.558,0.967,0.211,121,114,0.938,0.206,493,4,90,6.1,15500000.0,SS,41
Player 356,3.8,265,239,94,15,7,4,2,0,8,0.379,0.46,120,0.497,0.94,0.109,154,167,0.944,0.369,136,18,92,4.8,850810.0,C,5
Player 357,1.5,391,382,85,3,3,3,27,0,5,0.193,0.218,127,0.3,0.565,0.109,189,111,0.919,0.371,480,9,94,4.7,764509.0,LF,0
Player 358,2.3,607,576,228,2,16,13,66,21,18,0.378,0.372,390,0.7,1.082,0.281,118,59,0.966,0.126,354,18,90,5.2,37300000.0,3B,12
Player 359,2.1,399,362,148,34,3,0,35,5,10,0.4,0.466,223,0.7,1.08,0.207,196,61,0.952,0.279,218,8,89,5.0,37600000.0,RF,10
Player 360,8.5,227,214,81,2,9,2,5,3,10,0.347,0.35,122,0.458,0.975,0.191,145,173,0.927,0.266,369,12,82,4.5,18300000.0,1B,8
Player 361,3.4,542,495,119,30,13,4,13,8,7,0.246,0.324,169,0.327,0.64,0.101,109,173,0.963,0.451,412,14,98,6.9,31700000.0,SS,15
Player 362,2.2,278,263,66,7,5,3,2,1,7,0.268,0.298,91,0.313,0.627,0.095,194,177,0.972,0.327,324,13,97,5.5,29700000.0,C,3
Player 363,1.9,216,199,42,13,4,0,3,3,7,0.231,0.282,72,0.395,0.635,0.151,66,160,0.954,0.457,483,5,84,6.4,4200000.0,CF,28
Player 364,1.6,182,163,73,13,3,3,3,1,12,0.4,0.5,114,0.7,1.188,0.251,190,70,0.941,0.367,68,5,85,6.1,23100000.0,CF,25
Player 365,1.6,240,234,107,0,4,2,31,9,1,0.4,0.423,159,0.7,1.142,0.222,189,71,0.92,0.241,127,4,85,4.8,26500000.0,LF,26
Player 366,1.5,289,263,69,16,7,3,21,1,4,0.306,0.359,104,0.466,0.713,0.133,131,180,0.912,0.477,69,18,86,5.0,19800000.0,RF,47
Player 367,2.7,430,378,103,32,10,10,4,4,5,0.245,0.303,130,0.352,0.681,0.072,179,119,0.908,0.37,476,8,82,4.6,36600000.0,LF,49
Player 368,1.8,595,556,161,0,24,15,47,10,25,0.28,0.315,303,0.535,0.856,0.255,153,176,0.951,0.218,52,8,91,5.4,42500000.0,C,7
Player 369,2.0,251,235,70,5,4,7,18,1,1,0.349,0.318,93,0.506,0.711,0.098,191,102,0.973,0.333,175,6,87,6.3,27500000.0,CF,37
Player 370,3.6,319,294,139,14,9,2,44,3,16,0.4,0.487,237,0.7,1.314,0.333,164,186,0.96,0.25,473,6,99,7.0,27200000.0,C,0
Player 371,1.7,532,473,188,49,6,4,22,6,26,0.369,0.444,300,0.505,1.091,0.237,162,53,0.9,0.109,425,2,82,4.8,40100000.0,3B,13
Player 372,2.3,195,172,56,16,4,3,5,3,8,0.337,0.399,91,0.532,0.919,0.203,103,69,0.947,0.144,28,15,92,5.5,9200000.0,2B,12
Player 373,1.5,510,456,146,44,6,4,6,1,16,0.307,0.404,202,0.433,0.827,0.123,62,74,0.957,0.214,155,15,99,6.1,21800000.0,C,4
Player 374,7.8,550,503,211,10,21,16,44,4,19,0.4,0.465,320,0.665,1.076,0.217,97,167,0.952,0.283,5,1,93,4.7,30200000.0,1B,5
Player 375,2.7,201,181,85,11,8,1,20,5,3,0.4,0.5,124,0.684,1.202,0.215,57,199,0.924,0.242,252,9,96,5.4,1800000.0,C,3
Player 376,3.1,495,457,158,35,0,3,25,3,16,0.372,0.398,237,0.63,0.909,0.173,58,79,0.951,0.464,236,15,84,5.5,20200000.0,2B,50
Player 377,1.5,378,353,120,15,4,6,0,8,17,0.278,0.322,187,0.46,0.898,0.19,94,171,0.947,0.216,265,8,92,4.9,19000000.0,LF,10
Player 378,3.0,608,538,122,45,6,19,39,3,19,0.233,0.296,224,0.419,0.701,0.189,118,94,0.945,0.359,452,16,86,5.8,37400000.0,2B,50
Player 379,3.4,214,204,87,4,1,5,13,3,16,0.4,0.463,154,0.7,1.185,0.329,159,87,0.915,0.11,64,5,82,4.4,19800000.0,1B,0
Player 380,2.8,362,329,125,17,16,0,10,3,9,0.395,0.431,168,0.516,0.947,0.131,78,97,0.929,0.187,115,9,92,6.2,15300000.0,CF,6
Player 381,1.7,402,354,113,25,12,11,27,1,4,0.285,0.327,154,0.376,0.808,0.116,106,106,0.932,0.486,179,12,82,4.6,22500000.0,LF,33
Player 382,4.0,382,355,118,13,8,6,2,2,3,0.358,0.391,133,0.404,0.739,0.043,168,182,0.9,0.113,105,11,87,4.0,972232.0,LF,49
Player 383,2.6,495,461,184,29,1,4,32,9,19,0.4,0.45,291,0.692,1.063,0.232,143,155,0.976,0.335,78,19,87,6.4,34600000.0,SS,37
Player 384,2.3,546,509,200,26,11,0,39,0,14,0.383,0.41,281,0.457,0.986,0.159,163,178,0.913,0.125,478,11,95,4.9,41100000.0,3B,34
Player 385,-0.3,269,257,112,9,2,1,20,5,2,0.4,0.42,148,0.523,1.033,0.14,90,67,0.967,0.127,26,3,87,6.5,877903.0,SS,11
Player 386,1.6,154,145,51,0,5,4,13,1,4,0.369,0.363,78,0.487,0.902,0.186,111,187,0.927,0.259,8,3,86,6.2,8000000.0,SS,25
Player 387,2.2,440,395,82,40,4,1,18,3,9,0.215,0.296,133,0.427,0.623,0.129,57,162,0.938,0.262,374,10,80,6.5,16600000.0,CF,22
Player 388,-1.0,442,400,100,25,6,11,29,2,15,0.253,0.324,178,0.425,0.741,0.195,170,62,0.923,0.325,274,13,95,6.5,864680.0,SS,17
Player 389,2.6,253,242,113,4,1,6,10,6,9,0.4,0.381,162,0.501,1.135,0.202,116,52,0.982,0.341,423,17,82,5.0,15000000.0,3B,0
Player 390,1.8,478,450,208,22,5,1,34,16,28,0.4,0.497,358,0.7,1.288,0.334,56,102,0.974,0.305,75,13,95,5.2,18800000.0,3B,21
Player 391,3.9,521,454,155,41,20,6,5,4,8,0.365,0.45,192,0.423,0.838,0.082,123,85,0.943,0.116,469,16,93,4.0,32800000.0,1B,9
Player 392,2.4,264,229,70,21,12,2,21,4,3,0.343,0.442,108,0.581,0.862,0.166,169,179,0.969,0.128,70,19,97,5.0,24600000.0,LF,0
Player 393,2.3,145,139,29,3,3,0,1,1,2,0.223,0.253,38,0.3,0.514,0.064,178,139,0.926,0.144,194,12,94,6.9,18800000.0,SS,46
Player 394,2.3,180,167,75,7,3,3,0,6,0,0.4,0.461,87,0.559,0.993,0.072,184,166,0.963,0.369,410,13,95,4.8,21900000.0,LF,35
Player 395,2.6,170,156,47,13,1,0,5,3,7,0.317,0.377,79,0.48,0.865,0.205,190,150,0.91,0.394,326,3,90,6.6,22300000.0,CF,38
Player 396,-0.6,356,341,155,4,7,4,39,8,25,0.4,0.49,285,0.7,1.302,0.381,55,193,0.949,0.155,2,11,84,6.1,11100000.0,SS,15
